mass	Teff	logg	logL	Age
0.020	2542.	3.794	-2.49	6.0
0.030	2706.	3.772	-2.18	6.0
0.040	2794.	3.688	-1.92	6.0
0.050	2844.	3.626	-1.73	6.0
0.055	2865.	3.601	-1.65	6.0
0.060	2887.	3.579	-1.57	6.0
0.070	2920.	3.538	-1.45	6.0
0.072	2925.	3.532	-1.43	6.0
0.075	2932.	3.521	-1.39	6.0
0.080	2943.	3.504	-1.34	6.0
0.090	2972.	3.477	-1.25	6.0
0.100	3002.	3.453	-1.16	6.0
0.110	3023.	3.432	-1.08	6.0
0.130	3072.	3.405	-0.96	6.0
0.150	3120.	3.390	-0.85	6.0
0.175	3163.	3.387	-0.76	6.0
0.200	3193.	3.401	-0.70	6.0
0.250	3242.	3.434	-0.61	6.0
0.300	3281.	3.455	-0.53	6.0
0.350	3318.	3.470	-0.46	6.0
0.400	3357.	3.482	-0.39	6.0
0.450	3388.	3.494	-0.34	6.0
0.500	3427.	3.505	-0.28	6.0
0.570	3485.	3.515	-0.21	6.0
0.600	3507.	3.515	-0.17	6.0
0.620	3525.	3.518	-0.15	6.0
0.700	3593.	3.534	-0.08	6.0
0.750	3632.	3.540	-0.04	6.0
0.800	3670.	3.546	0.00	6.0
0.850	3705.	3.550	0.04	6.0
0.900	3752.	3.607	0.03	6.0
0.950	3776.	3.561	0.11	6.0
1.000	3810.	3.575	0.13	6.0
1.050	3841.	3.570	0.17	6.0
1.100	3871.	3.571	0.21	6.0
1.150	3899.	3.576	0.23	6.0
1.200	3978.	3.583	0.28	6.0
1.300	4098.	3.597	0.35	6.0
1.400	4197.	3.604	0.42	6.0
0.020	2535.	3.821	-2.52	6.1
0.030	2706.	3.774	-2.18	6.1
0.040	2794.	3.691	-1.92	6.1
0.050	2844.	3.631	-1.73	6.1
0.055	2865.	3.608	-1.65	6.1
0.060	2887.	3.587	-1.58	6.1
0.070	2921.	3.550	-1.46	6.1
0.072	2925.	3.541	-1.43	6.1
0.075	2934.	3.533	-1.40	6.1
0.080	2944.	3.517	-1.35	6.1
0.090	2967.	3.492	-1.26	6.1
0.100	2996.	3.473	-1.18	6.1
0.110	3016.	3.456	-1.11	6.1
0.130	3057.	3.442	-1.00	6.1
0.150	3097.	3.451	-0.93	6.1
0.175	3128.	3.479	-0.87	6.1
0.200	3157.	3.498	-0.82	6.1
0.250	3221.	3.523	-0.71	6.1
0.300	3274.	3.534	-0.61	6.1
0.350	3323.	3.545	-0.53	6.1
0.400	3369.	3.552	-0.46	6.1
0.450	3410.	3.560	-0.39	6.1
0.500	3456.	3.571	-0.33	6.1
0.570	3510.	3.577	-0.26	6.1
0.600	3536.	3.582	-0.23	6.1
0.620	3551.	3.581	-0.20	6.1
0.700	3612.	3.592	-0.13	6.1
0.750	3651.	3.602	-0.09	6.1
0.800	3686.	3.608	-0.05	6.1
0.850	3720.	3.612	-0.02	6.1
0.900	3759.	3.642	0.00	6.1
0.950	3786.	3.619	0.06	6.1
1.000	3821.	3.633	0.08	6.1
1.050	3851.	3.627	0.12	6.1
1.100	3882.	3.628	0.15	6.1
1.150	3932.	3.634	0.19	6.1
1.200	4011.	3.645	0.23	6.1
1.300	4113.	3.654	0.30	6.1
1.400	4202.	3.666	0.36	6.1
0.020	2527.	3.847	-2.55	6.2
0.030	2705.	3.778	-2.19	6.2
0.040	2794.	3.697	-1.93	6.2
0.050	2844.	3.640	-1.74	6.2
0.055	2865.	3.617	-1.66	6.2
0.060	2887.	3.597	-1.59	6.2
0.070	2921.	3.564	-1.47	6.2
0.072	2927.	3.557	-1.45	6.2
0.075	2934.	3.550	-1.42	6.2
0.080	2946.	3.537	-1.37	6.2
0.090	2967.	3.517	-1.29	6.2
0.100	2987.	3.506	-1.22	6.2
0.110	3006.	3.501	-1.16	6.2
0.130	3038.	3.519	-1.09	6.2
0.150	3075.	3.551	-1.04	6.2
0.175	3120.	3.571	-0.97	6.2
0.200	3159.	3.587	-0.90	6.2
0.250	3234.	3.602	-0.78	6.2
0.300	3292.	3.609	-0.68	6.2
0.350	3348.	3.619	-0.59	6.2
0.400	3394.	3.627	-0.52	6.2
0.450	3439.	3.630	-0.45	6.2
0.500	3479.	3.636	-0.39	6.2
0.570	3534.	3.644	-0.31	6.2
0.600	3557.	3.644	-0.28	6.2
0.620	3572.	3.647	-0.26	6.2
0.700	3631.	3.659	-0.19	6.2
0.750	3666.	3.665	-0.15	6.2
0.800	3697.	3.666	-0.11	6.2
0.850	3732.	3.670	-0.07	6.2
0.900	3770.	3.695	-0.05	6.2
0.950	3797.	3.681	0.00	6.2
1.000	3832.	3.690	0.03	6.2
1.050	3862.	3.685	0.07	6.2
1.100	3893.	3.691	0.10	6.2
1.150	3966.	3.697	0.14	6.2
1.200	4030.	3.703	0.18	6.2
1.300	4126.	3.717	0.24	6.2
1.400	4206.	3.728	0.30	6.2
0.020	2519.	3.872	-2.58	6.3
0.030	2705.	3.784	-2.19	6.3
0.040	2794.	3.705	-1.93	6.3
0.050	2845.	3.652	-1.75	6.3
0.055	2865.	3.632	-1.68	6.3
0.060	2887.	3.615	-1.61	6.3
0.070	2922.	3.588	-1.50	6.3
0.072	2928.	3.584	-1.48	6.3
0.075	2936.	3.579	-1.45	6.3
0.080	2950.	3.572	-1.41	6.3
0.090	2974.	3.566	-1.33	6.3
0.100	2998.	3.575	-1.28	6.3
0.110	3014.	3.590	-1.25	6.3
0.130	3045.	3.621	-1.19	6.3
0.150	3080.	3.646	-1.13	6.3
0.175	3122.	3.660	-1.05	6.3
0.200	3162.	3.671	-0.99	6.3
0.250	3245.	3.681	-0.85	6.3
0.300	3313.	3.688	-0.75	6.3
0.350	3369.	3.694	-0.66	6.3
0.400	3416.	3.697	-0.58	6.3
0.450	3460.	3.700	-0.51	6.3
0.500	3497.	3.707	-0.45	6.3
0.570	3552.	3.709	-0.37	6.3
0.600	3574.	3.714	-0.34	6.3
0.620	3588.	3.713	-0.32	6.3
0.700	3645.	3.720	-0.24	6.3
0.750	3679.	3.727	-0.20	6.3
0.800	3711.	3.733	-0.17	6.3
0.850	3745.	3.732	-0.12	6.3
0.900	3780.	3.757	-0.11	6.3
0.950	3807.	3.739	-0.05	6.3
1.000	3842.	3.753	-0.03	6.3
1.050	3873.	3.747	0.01	6.3
1.100	3910.	3.753	0.04	6.3
1.150	3998.	3.759	0.09	6.3
1.200	4048.	3.770	0.12	6.3
1.300	4136.	3.784	0.18	6.3
1.400	4211.	3.790	0.24	6.3
0.020	2513.	3.893	-2.61	6.4
0.030	2704.	3.791	-2.20	6.4
0.040	2793.	3.717	-1.95	6.4
0.050	2845.	3.671	-1.77	6.4
0.055	2865.	3.655	-1.70	6.4
0.060	2886.	3.645	-1.64	6.4
0.070	2923.	3.635	-1.54	6.4
0.072	2930.	3.636	-1.53	6.4
0.075	2940.	3.637	-1.50	6.4
0.080	2957.	3.644	-1.47	6.4
0.090	2991.	3.669	-1.43	6.4
0.100	3012.	3.688	-1.39	6.4
0.110	3028.	3.698	-1.35	6.4
0.130	3058.	3.716	-1.28	6.4
0.150	3092.	3.731	-1.21	6.4
0.175	3128.	3.739	-1.13	6.4
0.200	3167.	3.746	-1.06	6.4
0.250	3252.	3.755	-0.92	6.4
0.300	3327.	3.763	-0.81	6.4
0.350	3384.	3.764	-0.72	6.4
0.400	3432.	3.767	-0.64	6.4
0.450	3475.	3.770	-0.57	6.4
0.500	3513.	3.772	-0.51	6.4
0.570	3567.	3.780	-0.43	6.4
0.600	3587.	3.780	-0.40	6.4
0.620	3600.	3.784	-0.38	6.4
0.700	3657.	3.786	-0.30	6.4
0.750	3689.	3.793	-0.27	6.4
0.800	3722.	3.795	-0.22	6.4
0.850	3757.	3.799	-0.19	6.4
0.900	3789.	3.815	-0.16	6.4
0.950	3819.	3.806	-0.12	6.4
1.000	3854.	3.815	-0.09	6.4
1.050	3883.	3.810	-0.05	6.4
1.100	3943.	3.815	-0.01	6.4
1.150	4018.	3.826	0.04	6.4
1.200	4063.	3.832	0.07	6.4
1.300	4147.	3.845	0.12	6.4
1.400	4220.	3.851	0.18	6.4
0.020	2508.	3.908	-2.62	6.5
0.030	2703.	3.799	-2.21	6.5
0.040	2791.	3.735	-1.97	6.5
0.050	2846.	3.705	-1.80	6.5
0.055	2867.	3.702	-1.75	6.5
0.060	2887.	3.707	-1.70	6.5
0.070	2928.	3.735	-1.64	6.5
0.072	2936.	3.742	-1.63	6.5
0.075	2948.	3.749	-1.61	6.5
0.080	2970.	3.758	-1.58	6.5
0.090	3006.	3.776	-1.52	6.5
0.100	3026.	3.787	-1.48	6.5
0.110	3045.	3.797	-1.44	6.5
0.130	3078.	3.806	-1.35	6.5
0.150	3108.	3.816	-1.29	6.5
0.175	3140.	3.820	-1.20	6.5
0.200	3178.	3.825	-1.13	6.5
0.250	3259.	3.829	-0.99	6.5
0.300	3336.	3.837	-0.88	6.5
0.350	3395.	3.838	-0.79	6.5
0.400	3445.	3.841	-0.71	6.5
0.450	3486.	3.844	-0.64	6.5
0.500	3525.	3.842	-0.57	6.5
0.570	3578.	3.845	-0.49	6.5
0.600	3597.	3.850	-0.46	6.5
0.620	3611.	3.849	-0.44	6.5
0.700	3667.	3.857	-0.37	6.5
0.750	3697.	3.859	-0.33	6.5
0.800	3733.	3.861	-0.29	6.5
0.850	3766.	3.865	-0.25	6.5
0.900	3798.	3.877	-0.22	6.5
0.950	3831.	3.868	-0.17	6.5
1.000	3865.	3.877	-0.14	6.5
1.050	3896.	3.877	-0.11	6.5
1.100	3984.	3.882	-0.06	6.5
1.150	4036.	3.889	-0.02	6.5
1.200	4079.	3.898	0.01	6.5
1.300	4160.	3.906	0.07	6.5
1.400	4234.	3.907	0.13	6.5
0.020	2506.	3.917	-2.64	6.6
0.030	2701.	3.813	-2.23	6.6
0.040	2789.	3.770	-2.00	6.6
0.050	2846.	3.780	-1.88	6.6
0.055	2869.	3.803	-1.85	6.6
0.060	2889.	3.824	-1.82	6.6
0.070	2938.	3.848	-1.75	6.6
0.072	2948.	3.853	-1.73	6.6
0.075	2965.	3.860	-1.71	6.6
0.080	2992.	3.865	-1.67	6.6
0.090	3021.	3.878	-1.62	6.6
0.100	3044.	3.885	-1.57	6.6
0.110	3065.	3.886	-1.51	6.6
0.130	3103.	3.891	-1.42	6.6
0.150	3130.	3.897	-1.35	6.6
0.175	3161.	3.896	-1.27	6.6
0.200	3197.	3.901	-1.20	6.6
0.250	3270.	3.904	-1.06	6.6
0.300	3340.	3.911	-0.95	6.6
0.350	3400.	3.912	-0.86	6.6
0.400	3452.	3.911	-0.77	6.6
0.450	3492.	3.914	-0.70	6.6
0.500	3533.	3.916	-0.64	6.6
0.570	3584.	3.915	-0.56	6.6
0.600	3603.	3.915	-0.53	6.6
0.620	3619.	3.919	-0.51	6.6
0.700	3674.	3.923	-0.43	6.6
0.750	3703.	3.925	-0.39	6.6
0.800	3739.	3.927	-0.35	6.6
0.850	3773.	3.931	-0.31	6.6
0.900	3806.	3.943	-0.28	6.6
0.950	3841.	3.934	-0.23	6.6
1.000	3877.	3.939	-0.20	6.6
1.050	3928.	3.939	-0.16	6.6
1.100	4014.	3.949	-0.11	6.6
1.150	4056.	3.952	-0.07	6.6
1.200	4098.	3.959	-0.04	6.6
1.300	4180.	3.965	0.02	6.6
1.400	4260.	3.963	0.08	6.6
0.020	2503.	3.925	-2.65	6.7
0.030	2698.	3.838	-2.25	6.7
0.040	2783.	3.843	-2.08	6.7
0.050	2841.	3.901	-2.00	6.7
0.055	2865.	3.918	-1.96	6.7
0.060	2889.	3.930	-1.92	6.7
0.070	2960.	3.950	-1.83	6.7
0.072	2977.	3.955	-1.82	6.7
0.075	3000.	3.957	-1.79	6.7
0.080	3014.	3.962	-1.76	6.7
0.090	3042.	3.970	-1.70	6.7
0.100	3068.	3.973	-1.64	6.7
0.110	3094.	3.975	-1.59	6.7
0.130	3130.	3.975	-1.49	6.7
0.150	3163.	3.977	-1.42	6.7
0.175	3198.	3.976	-1.33	6.7
0.200	3225.	3.977	-1.26	6.7
0.250	3287.	3.979	-1.13	6.7
0.300	3345.	3.980	-1.02	6.7
0.350	3402.	3.982	-0.93	6.7
0.400	3455.	3.980	-0.84	6.7
0.450	3495.	3.984	-0.77	6.7
0.500	3538.	3.986	-0.71	6.7
0.570	3588.	3.985	-0.62	6.7
0.600	3608.	3.985	-0.59	6.7
0.620	3623.	3.984	-0.57	6.7
0.700	3678.	3.988	-0.50	6.7
0.750	3709.	3.990	-0.45	6.7
0.800	3745.	3.992	-0.41	6.7
0.850	3779.	3.997	-0.37	6.7
0.900	3815.	4.004	-0.34	6.7
0.950	3852.	4.001	-0.30	6.7
1.000	3890.	4.005	-0.26	6.7
1.050	3977.	4.004	-0.20	6.7
1.100	4035.	4.011	-0.16	6.7
1.150	4078.	4.015	-0.13	6.7
1.200	4122.	4.018	-0.09	6.7
1.300	4209.	4.020	-0.02	6.7
1.400	4303.	4.014	0.05	6.7
0.020	2500.	3.935	-2.66	6.8
0.030	2691.	3.883	-2.30	6.8
0.040	2772.	3.966	-2.21	6.8
0.050	2833.	4.006	-2.11	6.8
0.055	2860.	4.019	-2.07	6.8
0.060	2885.	4.026	-2.02	6.8
0.070	2979.	4.043	-1.92	6.8
0.072	2998.	4.048	-1.90	6.8
0.075	3010.	4.050	-1.88	6.8
0.080	3026.	4.055	-1.84	6.8
0.090	3055.	4.058	-1.78	6.8
0.100	3080.	4.061	-1.72	6.8
0.110	3105.	4.058	-1.66	6.8
0.130	3143.	4.059	-1.57	6.8
0.150	3178.	4.056	-1.49	6.8
0.175	3212.	4.052	-1.40	6.8
0.200	3237.	4.052	-1.33	6.8
0.250	3292.	4.050	-1.20	6.8
0.300	3344.	4.050	-1.09	6.8
0.350	3399.	4.051	-1.00	6.8
0.400	3454.	4.054	-0.91	6.8
0.450	3500.	4.053	-0.84	6.8
0.500	3547.	4.051	-0.77	6.8
0.570	3598.	4.054	-0.69	6.8
0.600	3622.	4.055	-0.66	6.8
0.620	3637.	4.054	-0.63	6.8
0.700	3692.	4.058	-0.56	6.8
0.750	3729.	4.060	-0.51	6.8
0.800	3765.	4.062	-0.47	6.8
0.850	3798.	4.063	-0.43	6.8
0.900	3839.	4.070	-0.39	6.8
0.950	3875.	4.065	-0.35	6.8
1.000	3930.	4.066	-0.30	6.8
1.050	4009.	4.068	-0.25	6.8
1.100	4058.	4.074	-0.21	6.8
1.150	4108.	4.078	-0.18	6.8
1.200	4156.	4.076	-0.14	6.8
1.300	4261.	4.072	-0.06	6.8
1.400	4375.	4.057	0.04	6.8
0.020	2496.	3.947	-2.67	6.9
0.030	2672.	3.982	-2.41	6.9
0.040	2761.	4.070	-2.32	6.9
0.050	2831.	4.098	-2.21	6.9
0.055	2859.	4.106	-2.16	6.9
0.060	2885.	4.114	-2.11	6.9
0.070	2973.	4.129	-2.01	6.9
0.072	2993.	4.135	-1.99	6.9
0.075	3008.	4.137	-1.96	6.9
0.080	3026.	4.138	-1.93	6.9
0.090	3058.	4.142	-1.86	6.9
0.100	3085.	4.139	-1.80	6.9
0.110	3108.	4.141	-1.75	6.9
0.130	3146.	4.138	-1.65	6.9
0.150	3183.	4.136	-1.56	6.9
0.175	3217.	4.131	-1.47	6.9
0.200	3244.	4.128	-1.40	6.9
0.250	3296.	4.121	-1.27	6.9
0.300	3343.	4.121	-1.16	6.9
0.350	3396.	4.121	-1.07	6.9
0.400	3451.	4.123	-0.98	6.9
0.450	3503.	4.122	-0.91	6.9
0.500	3554.	4.120	-0.83	6.9
0.570	3612.	4.124	-0.75	6.9
0.600	3636.	4.124	-0.72	6.9
0.620	3651.	4.124	-0.70	6.9
0.700	3707.	4.128	-0.62	6.9
0.750	3745.	4.125	-0.57	6.9
0.800	3782.	4.128	-0.53	6.9
0.850	3819.	4.127	-0.49	6.9
0.900	3860.	4.131	-0.45	6.9
0.950	3897.	4.128	-0.40	6.9
1.000	3971.	4.127	-0.35	6.9
1.050	4036.	4.132	-0.30	6.9
1.100	4092.	4.133	-0.26	6.9
1.150	4149.	4.131	-0.21	6.9
1.200	4206.	4.127	-0.17	6.9
1.300	4338.	4.113	-0.07	6.9
1.400	4501.	4.088	0.06	6.9
0.020	2489.	3.968	-2.70	7.0
0.030	2641.	4.100	-2.55	7.0
0.040	2749.	4.161	-2.42	7.0
0.050	2826.	4.184	-2.30	7.0
0.055	2856.	4.193	-2.24	7.0
0.060	2883.	4.196	-2.19	7.0
0.070	2968.	4.212	-2.09	7.0
0.072	2987.	4.218	-2.08	7.0
0.075	3006.	4.220	-2.05	7.0
0.080	3025.	4.220	-2.01	7.0
0.090	3059.	4.220	-1.94	7.0
0.100	3090.	4.218	-1.87	7.0
0.110	3112.	4.219	-1.82	7.0
0.130	3149.	4.211	-1.72	7.0
0.150	3186.	4.210	-1.64	7.0
0.175	3222.	4.206	-1.55	7.0
0.200	3251.	4.198	-1.46	7.0
0.250	3303.	4.196	-1.34	7.0
0.300	3345.	4.192	-1.23	7.0
0.350	3396.	4.191	-1.14	7.0
0.400	3451.	4.189	-1.05	7.0
0.450	3503.	4.192	-0.98	7.0
0.500	3555.	4.190	-0.90	7.0
0.570	3619.	4.193	-0.82	7.0
0.600	3645.	4.194	-0.78	7.0
0.620	3660.	4.193	-0.76	7.0
0.700	3719.	4.193	-0.68	7.0
0.750	3758.	4.195	-0.64	7.0
0.800	3795.	4.192	-0.59	7.0
0.850	3839.	4.192	-0.54	7.0
0.900	3882.	4.191	-0.50	7.0
0.950	3939.	4.188	-0.44	7.0
1.000	4011.	4.187	-0.39	7.0
1.050	4075.	4.187	-0.34	7.0
1.100	4142.	4.184	-0.29	7.0
1.150	4212.	4.178	-0.23	7.0
1.200	4291.	4.169	-0.18	7.0
1.300	4476.	4.142	-0.04	7.0
1.400	4707.	4.096	0.13	7.0
0.020	2476.	4.001	-2.74	7.1
0.030	2607.	4.199	-2.67	7.1
0.040	2733.	4.247	-2.51	7.1
0.050	2819.	4.265	-2.38	7.1
0.055	2852.	4.271	-2.32	7.1
0.060	2881.	4.273	-2.27	7.1
0.070	2964.	4.290	-2.17	7.1
0.072	2982.	4.296	-2.16	7.1
0.075	3003.	4.298	-2.13	7.1
0.080	3023.	4.298	-2.09	7.1
0.090	3058.	4.298	-2.02	7.1
0.100	3092.	4.297	-1.95	7.1
0.110	3117.	4.294	-1.89	7.1
0.130	3156.	4.290	-1.79	7.1
0.150	3192.	4.284	-1.71	7.1
0.175	3227.	4.276	-1.61	7.1
0.200	3259.	4.273	-1.54	7.1
0.250	3312.	4.267	-1.40	7.1
0.300	3352.	4.262	-1.30	7.1
0.350	3399.	4.257	-1.20	7.1
0.400	3451.	4.259	-1.12	7.1
0.450	3503.	4.261	-1.05	7.1
0.500	3554.	4.259	-0.97	7.1
0.570	3621.	4.263	-0.89	7.1
0.600	3648.	4.259	-0.85	7.1
0.620	3664.	4.263	-0.83	7.1
0.700	3728.	4.257	-0.74	7.1
0.750	3770.	4.257	-0.69	7.1
0.800	3811.	4.254	-0.64	7.1
0.850	3858.	4.250	-0.59	7.1
0.900	3913.	4.251	-0.54	7.1
0.950	3986.	4.244	-0.48	7.1
1.000	4060.	4.240	-0.42	7.1
1.050	4137.	4.235	-0.36	7.1
1.100	4224.	4.226	-0.30	7.1
1.150	4327.	4.215	-0.22	7.1
1.200	4433.	4.197	-0.15	7.1
1.300	4708.	4.145	0.04	7.1
1.400	5064.	4.044	0.30	7.1
0.020	2438.	4.065	-2.83	7.2
0.030	2570.	4.283	-2.78	7.2
0.040	2713.	4.327	-2.61	7.2
0.050	2811.	4.343	-2.46	7.2
0.055	2846.	4.348	-2.41	7.2
0.060	2878.	4.351	-2.35	7.2
0.070	2959.	4.367	-2.25	7.2
0.072	2976.	4.368	-2.23	7.2
0.075	3001.	4.371	-2.20	7.2
0.080	3021.	4.372	-2.16	7.2
0.090	3058.	4.371	-2.09	7.2
0.100	3092.	4.370	-2.02	7.2
0.110	3120.	4.368	-1.97	7.2
0.130	3164.	4.364	-1.86	7.2
0.150	3200.	4.357	-1.78	7.2
0.175	3234.	4.350	-1.68	7.2
0.200	3267.	4.343	-1.60	7.2
0.250	3323.	4.338	-1.47	7.2
0.300	3364.	4.329	-1.36	7.2
0.350	3408.	4.328	-1.27	7.2
0.400	3455.	4.329	-1.19	7.2
0.450	3505.	4.327	-1.11	7.2
0.500	3553.	4.328	-1.04	7.2
0.570	3619.	4.327	-0.95	7.2
0.600	3648.	4.328	-0.92	7.2
0.620	3665.	4.328	-0.89	7.2
0.700	3738.	4.322	-0.80	7.2
0.750	3784.	4.320	-0.75	7.2
0.800	3832.	4.312	-0.69	7.2
0.850	3886.	4.307	-0.63	7.2
0.900	3963.	4.301	-0.57	7.2
0.950	4048.	4.294	-0.50	7.2
1.000	4143.	4.286	-0.43	7.2
1.050	4248.	4.272	-0.35	7.2
1.100	4375.	4.255	-0.27	7.2
1.150	4515.	4.231	-0.17	7.2
1.200	4691.	4.198	-0.05	7.2
1.300	5111.	4.090	0.24	7.2
1.400	5733.	3.957	0.61	7.2
0.020	2337.	4.187	-3.03	7.3
0.030	2522.	4.362	-2.89	7.3
0.040	2687.	4.404	-2.70	7.3
0.050	2798.	4.419	-2.55	7.3
0.055	2838.	4.420	-2.48	7.3
0.060	2873.	4.423	-2.43	7.3
0.070	2952.	4.440	-2.33	7.3
0.072	2970.	4.442	-2.31	7.3
0.075	2995.	4.444	-2.28	7.3
0.080	3019.	4.445	-2.24	7.3
0.090	3058.	4.445	-2.16	7.3
0.100	3092.	4.443	-2.10	7.3
0.110	3121.	4.441	-2.04	7.3
0.130	3171.	4.434	-1.93	7.3
0.150	3209.	4.432	-1.85	7.3
0.175	3244.	4.424	-1.75	7.3
0.200	3279.	4.417	-1.67	7.3
0.250	3336.	4.408	-1.53	7.3
0.300	3381.	4.399	-1.42	7.3
0.350	3422.	4.398	-1.33	7.3
0.400	3464.	4.395	-1.25	7.3
0.450	3510.	4.397	-1.18	7.3
0.500	3554.	4.394	-1.11	7.3
0.570	3618.	4.392	-1.02	7.3
0.600	3648.	4.392	-0.98	7.3
0.620	3666.	4.389	-0.96	7.3
0.700	3750.	4.383	-0.86	7.3
0.750	3801.	4.376	-0.80	7.3
0.800	3864.	4.368	-0.73	7.3
0.850	3938.	4.357	-0.66	7.3
0.900	4039.	4.347	-0.58	7.3
0.950	4147.	4.332	-0.50	7.3
1.000	4287.	4.316	-0.40	7.3
1.050	4438.	4.292	-0.30	7.3
1.100	4627.	4.257	-0.17	7.3
1.150	4866.	4.211	-0.02	7.3
1.200	5126.	4.148	0.15	7.3
1.300	5834.	4.044	0.52	7.3
1.400	6255.	4.250	0.47	7.3
0.020	2219.	4.282	-3.21	7.4
0.030	2465.	4.430	-3.00	7.4
0.040	2658.	4.470	-2.79	7.4
0.050	2781.	4.487	-2.63	7.4
0.055	2826.	4.492	-2.56	7.4
0.060	2864.	4.495	-2.50	7.4
0.070	2942.	4.508	-2.40	7.4
0.072	2958.	4.514	-2.39	7.4
0.075	2983.	4.517	-2.36	7.4
0.080	3013.	4.518	-2.31	7.4
0.090	3054.	4.518	-2.24	7.4
0.100	3091.	4.517	-2.17	7.4
0.110	3122.	4.514	-2.11	7.4
0.130	3175.	4.507	-2.00	7.4
0.150	3220.	4.502	-1.91	7.4
0.175	3258.	4.493	-1.81	7.4
0.200	3295.	4.487	-1.73	7.4
0.250	3354.	4.478	-1.59	7.4
0.300	3404.	4.470	-1.48	7.4
0.350	3441.	4.465	-1.39	7.4
0.400	3479.	4.466	-1.31	7.4
0.450	3518.	4.463	-1.24	7.4
0.500	3558.	4.460	-1.17	7.4
0.570	3622.	4.457	-1.08	7.4
0.600	3651.	4.453	-1.04	7.4
0.620	3671.	4.452	-1.02	7.4
0.700	3768.	4.439	-0.91	7.4
0.750	3836.	4.427	-0.83	7.4
0.800	3914.	4.413	-0.76	7.4
0.850	4023.	4.396	-0.66	7.4
0.900	4165.	4.379	-0.56	7.4
0.950	4337.	4.355	-0.44	7.4
1.000	4539.	4.323	-0.31	7.4
1.050	4774.	4.278	-0.16	7.4
1.100	5087.	4.222	0.03	7.4
1.150	5410.	4.151	0.23	7.4
1.200	5770.	4.166	0.34	7.4
1.300	5991.	4.294	0.31	7.4
1.400	6350.	4.237	0.50	7.4
0.020	2090.	4.360	-3.39	7.5
0.030	2398.	4.493	-3.11	7.5
0.040	2619.	4.536	-2.88	7.5
0.050	2753.	4.558	-2.72	7.5
0.055	2805.	4.564	-2.65	7.5
0.060	2846.	4.563	-2.58	7.5
0.070	2920.	4.576	-2.48	7.5
0.072	2936.	4.582	-2.47	7.5
0.075	2960.	4.584	-2.44	7.5
0.080	2998.	4.585	-2.39	7.5
0.090	3043.	4.586	-2.31	7.5
0.100	3081.	4.585	-2.25	7.5
0.110	3115.	4.583	-2.18	7.5
0.130	3170.	4.581	-2.08	7.5
0.150	3217.	4.575	-1.98	7.5
0.175	3262.	4.567	-1.89	7.5
0.200	3299.	4.560	-1.80	7.5
0.250	3360.	4.552	-1.66	7.5
0.300	3414.	4.545	-1.55	7.5
0.350	3453.	4.535	-1.45	7.5
0.400	3491.	4.532	-1.37	7.5
0.450	3525.	4.529	-1.30	7.5
0.500	3562.	4.522	-1.23	7.5
0.570	3628.	4.515	-1.14	7.5
0.600	3661.	4.511	-1.09	7.5
0.620	3683.	4.507	-1.07	7.5
0.700	3800.	4.487	-0.94	7.5
0.750	3890.	4.468	-0.85	7.5
0.800	4015.	4.447	-0.74	7.5
0.850	4188.	4.423	-0.62	7.5
0.900	4405.	4.394	-0.48	7.5
0.950	4641.	4.353	-0.32	7.5
1.000	4970.	4.303	-0.13	7.5
1.050	5319.	4.252	0.06	7.5
1.100	5556.	4.295	0.11	7.5
1.150	5665.	4.343	0.12	7.5
1.200	5757.	4.336	0.17	7.5
1.300	6046.	4.276	0.35	7.5
1.400	6605.	4.267	0.54	7.5
0.020	1966.	4.416	-3.56	7.6
0.030	2317.	4.550	-3.23	7.6
0.040	2566.	4.600	-2.98	7.6
0.050	2721.	4.620	-2.80	7.6
0.055	2778.	4.626	-2.73	7.6
0.060	2825.	4.630	-2.66	7.6
0.070	2897.	4.643	-2.57	7.6
0.072	2913.	4.645	-2.55	7.6
0.075	2936.	4.652	-2.52	7.6
0.080	2975.	4.653	-2.47	7.6
0.090	3030.	4.654	-2.39	7.6
0.100	3070.	4.653	-2.32	7.6
0.110	3105.	4.651	-2.26	7.6
0.130	3164.	4.649	-2.15	7.6
0.150	3214.	4.644	-2.06	7.6
0.175	3262.	4.637	-1.96	7.6
0.200	3301.	4.630	-1.87	7.6
0.250	3360.	4.622	-1.73	7.6
0.300	3414.	4.615	-1.62	7.6
0.350	3455.	4.606	-1.52	7.6
0.400	3495.	4.603	-1.44	7.6
0.450	3529.	4.594	-1.37	7.6
0.500	3568.	4.585	-1.29	7.6
0.570	3642.	4.570	-1.18	7.6
0.600	3681.	4.563	-1.14	7.6
0.620	3710.	4.556	-1.10	7.6
0.700	3869.	4.524	-0.94	7.6
0.750	3996.	4.495	-0.83	7.6
0.800	4203.	4.465	-0.68	7.6
0.850	4468.	4.432	-0.52	7.6
0.900	4764.	4.387	-0.34	7.6
0.950	5126.	4.356	-0.15	7.6
1.000	5308.	4.400	-0.12	7.6
1.050	5406.	4.420	-0.08	7.6
1.100	5523.	4.395	0.00	7.6
1.150	5638.	4.363	0.09	7.6
1.200	5766.	4.331	0.18	7.6
1.300	6143.	4.277	0.37	7.6
1.400	6622.	4.276	0.54	7.6
0.020	1843.	4.463	-3.72	7.7
0.030	2233.	4.598	-3.34	7.7
0.040	2504.	4.658	-3.08	7.7
0.050	2678.	4.685	-2.89	7.7
0.055	2743.	4.692	-2.81	7.7
0.060	2798.	4.697	-2.75	7.7
0.070	2877.	4.706	-2.64	7.7
0.072	2890.	4.712	-2.63	7.7
0.075	2913.	4.715	-2.60	7.7
0.080	2952.	4.716	-2.55	7.7
0.090	3015.	4.717	-2.46	7.7
0.100	3057.	4.721	-2.40	7.7
0.110	3095.	4.720	-2.33	7.7
0.130	3159.	4.718	-2.22	7.7
0.150	3211.	4.713	-2.13	7.7
0.175	3260.	4.706	-2.03	7.7
0.200	3303.	4.700	-1.94	7.7
0.250	3361.	4.691	-1.80	7.7
0.300	3414.	4.684	-1.69	7.7
0.350	3458.	4.676	-1.59	7.7
0.400	3501.	4.664	-1.50	7.7
0.450	3536.	4.653	-1.42	7.7
0.500	3578.	4.640	-1.34	7.7
0.570	3668.	4.618	-1.22	7.7
0.600	3720.	4.605	-1.16	7.7
0.620	3763.	4.596	-1.12	7.7
0.700	3987.	4.547	-0.91	7.7
0.750	4224.	4.511	-0.75	7.7
0.800	4515.	4.477	-0.57	7.7
0.850	4825.	4.443	-0.39	7.7
0.900	5010.	4.482	-0.34	7.7
0.950	5122.	4.484	-0.28	7.7
1.000	5270.	4.461	-0.19	7.7
1.050	5398.	4.430	-0.10	7.7
1.100	5520.	4.394	0.00	7.7
1.150	5656.	4.359	0.10	7.7
1.200	5810.	4.327	0.19	7.7
1.300	6202.	4.285	0.38	7.7
1.400	6628.	4.277	0.54	7.7
0.020	1725.	4.502	-3.87	7.8
0.030	2134.	4.644	-3.47	7.8
0.040	2434.	4.711	-3.18	7.8
0.050	2633.	4.741	-2.98	7.8
0.055	2703.	4.753	-2.90	7.8
0.060	2764.	4.759	-2.83	7.8
0.070	2854.	4.773	-2.72	7.8
0.072	2868.	4.774	-2.70	7.8
0.075	2890.	4.777	-2.67	7.8
0.080	2925.	4.783	-2.63	7.8
0.090	2996.	4.785	-2.54	7.8
0.100	3042.	4.784	-2.47	7.8
0.110	3082.	4.783	-2.40	7.8
0.130	3151.	4.782	-2.29	7.8
0.150	3208.	4.781	-2.20	7.8
0.175	3258.	4.774	-2.10	7.8
0.200	3302.	4.768	-2.01	7.8
0.250	3365.	4.760	-1.87	7.8
0.300	3415.	4.749	-1.75	7.8
0.350	3461.	4.741	-1.66	7.8
0.400	3508.	4.728	-1.56	7.8
0.450	3548.	4.713	-1.48	7.8
0.500	3598.	4.693	-1.39	7.8
0.570	3709.	4.655	-1.24	7.8
0.600	3784.	4.636	-1.16	7.8
0.620	3849.	4.623	-1.10	7.8
0.700	4176.	4.558	-0.85	7.8
0.750	4512.	4.536	-0.66	7.8
0.800	4708.	4.541	-0.56	7.8
0.850	4784.	4.553	-0.52	7.8
0.900	4940.	4.526	-0.41	7.8
0.950	5113.	4.494	-0.30	7.8
1.000	5264.	4.463	-0.19	7.8
1.050	5395.	4.428	-0.09	7.8
1.100	5530.	4.391	0.01	7.8
1.150	5682.	4.356	0.11	7.8
1.200	5857.	4.326	0.21	7.8
1.300	6216.	4.287	0.39	7.8
1.400	6633.	4.277	0.54	7.8
0.030	2028.	4.686	-3.60	7.9
0.040	2358.	4.759	-3.28	7.9
0.050	2574.	4.799	-3.07	7.9
0.055	2657.	4.808	-2.99	7.9
0.060	2723.	4.819	-2.92	7.9
0.070	2827.	4.830	-2.80	7.9
0.072	2842.	4.836	-2.78	7.9
0.075	2865.	4.839	-2.75	7.9
0.080	2903.	4.841	-2.70	7.9
0.090	2971.	4.847	-2.62	7.9
0.100	3026.	4.848	-2.54	7.9
0.110	3067.	4.850	-2.48	7.9
0.130	3141.	4.850	-2.36	7.9
0.150	3204.	4.845	-2.26	7.9
0.175	3255.	4.839	-2.16	7.9
0.200	3301.	4.837	-2.08	7.9
0.250	3370.	4.825	-1.93	7.9
0.300	3418.	4.813	-1.82	7.9
0.350	3466.	4.802	-1.71	7.9
0.400	3515.	4.784	-1.61	7.9
0.450	3565.	4.764	-1.52	7.9
0.500	3624.	4.733	-1.41	7.9
0.570	3779.	4.682	-1.23	7.9
0.600	3885.	4.657	-1.14	7.9
0.620	3972.	4.641	-1.07	7.9
0.700	4351.	4.598	-0.81	7.9
0.750	4478.	4.613	-0.75	7.9
0.800	4605.	4.594	-0.65	7.9
0.850	4769.	4.558	-0.53	7.9
0.900	4945.	4.524	-0.41	7.9
0.950	5118.	4.493	-0.29	7.9
1.000	5261.	4.462	-0.19	7.9
1.050	5405.	4.424	-0.09	7.9
1.100	5550.	4.388	0.01	7.9
1.150	5706.	4.354	0.12	7.9
1.200	5876.	4.326	0.21	7.9
1.300	6223.	4.287	0.39	7.9
1.400	6637.	4.276	0.54	7.9
0.030	1929.	4.721	-3.72	8.0
0.040	2265.	4.807	-3.40	8.0
0.050	2508.	4.852	-3.17	8.0
0.055	2598.	4.867	-3.08	8.0
0.060	2672.	4.879	-3.01	8.0
0.070	2793.	4.891	-2.88	8.0
0.072	2812.	4.893	-2.86	8.0
0.075	2835.	4.901	-2.83	8.0
0.080	2876.	4.903	-2.78	8.0
0.090	2946.	4.910	-2.69	8.0
0.100	3006.	4.910	-2.61	8.0
0.110	3051.	4.914	-2.55	8.0
0.130	3129.	4.913	-2.43	8.0
0.150	3199.	4.909	-2.33	8.0
0.175	3253.	4.902	-2.23	8.0
0.200	3299.	4.896	-2.14	8.0
0.250	3372.	4.884	-1.99	8.0
0.300	3424.	4.873	-1.87	8.0
0.350	3471.	4.857	-1.77	8.0
0.400	3525.	4.835	-1.66	8.0
0.450	3583.	4.805	-1.55	8.0
0.500	3658.	4.765	-1.43	8.0
0.570	3864.	4.704	-1.22	8.0
0.600	3987.	4.684	-1.12	8.0
0.620	4063.	4.670	-1.06	8.0
0.700	4246.	4.652	-0.91	8.0
0.750	4426.	4.625	-0.78	8.0
0.800	4603.	4.591	-0.65	8.0
0.850	4771.	4.556	-0.53	8.0
0.900	4950.	4.523	-0.41	8.0
0.950	5116.	4.491	-0.29	8.0
1.000	5265.	4.460	-0.19	8.0
1.050	5420.	4.422	-0.08	8.0
1.100	5568.	4.386	0.02	8.0
1.150	5721.	4.354	0.12	8.0
1.200	5882.	4.326	0.22	8.0
1.300	6229.	4.286	0.39	8.0
1.400	6640.	4.275	0.54	8.0
0.030	1817.	4.756	-3.86	8.1
0.040	2170.	4.848	-3.52	8.1
0.050	2434.	4.900	-3.27	8.1
0.055	2532.	4.919	-3.18	8.1
0.060	2616.	4.932	-3.10	8.1
0.070	2748.	4.952	-2.97	8.1
0.072	2770.	4.954	-2.94	8.1
0.075	2802.	4.957	-2.91	8.1
0.080	2844.	4.964	-2.86	8.1
0.090	2919.	4.972	-2.77	8.1
0.100	2982.	4.972	-2.69	8.1
0.110	3030.	4.976	-2.62	8.1
0.130	3115.	4.971	-2.50	8.1
0.150	3191.	4.972	-2.40	8.1
0.175	3251.	4.966	-2.29	8.1
0.200	3298.	4.955	-2.20	8.1
0.250	3374.	4.938	-2.04	8.1
0.300	3429.	4.923	-1.92	8.1
0.350	3477.	4.902	-1.81	8.1
0.400	3533.	4.872	-1.69	8.1
0.450	3602.	4.836	-1.57	8.1
0.500	3687.	4.789	-1.44	8.1
0.570	3883.	4.730	-1.23	8.1
0.600	3962.	4.715	-1.16	8.1
0.620	4007.	4.705	-1.12	8.1
0.700	4225.	4.650	-0.92	8.1
0.750	4423.	4.622	-0.78	8.1
0.800	4604.	4.589	-0.65	8.1
0.850	4772.	4.554	-0.53	8.1
0.900	4952.	4.521	-0.40	8.1
0.950	5114.	4.490	-0.29	8.1
1.000	5271.	4.457	-0.18	8.1
1.050	5426.	4.420	-0.08	8.1
1.100	5580.	4.385	0.03	8.1
1.150	5731.	4.352	0.13	8.1
1.200	5888.	4.325	0.22	8.1
1.300	6232.	4.285	0.39	8.1
1.400	6642.	4.275	0.55	8.1
0.030	1712.	4.784	-3.99	8.2
0.040	2061.	4.888	-3.65	8.2
0.050	2343.	4.948	-3.39	8.2
0.055	2458.	4.968	-3.28	8.2
0.060	2549.	4.985	-3.20	8.2
0.070	2698.	5.006	-3.05	8.2
0.072	2719.	5.013	-3.03	8.2
0.075	2754.	5.017	-3.00	8.2
0.080	2807.	5.021	-2.94	8.2
0.090	2890.	5.029	-2.85	8.2
0.100	2957.	5.030	-2.76	8.2
0.110	3011.	5.034	-2.69	8.2
0.130	3097.	5.029	-2.57	8.2
0.150	3180.	5.025	-2.45	8.2
0.175	3246.	5.014	-2.34	8.2
0.200	3297.	5.004	-2.25	8.2
0.250	3374.	4.978	-2.08	8.2
0.300	3433.	4.958	-1.95	8.2
0.350	3482.	4.936	-1.84	8.2
0.400	3539.	4.901	-1.72	8.2
0.450	3611.	4.860	-1.59	8.2
0.500	3691.	4.808	-1.46	8.2
0.570	3834.	4.752	-1.28	8.2
0.600	3912.	4.728	-1.20	8.2
0.620	3968.	4.712	-1.14	8.2
0.700	4220.	4.648	-0.92	8.2
0.750	4419.	4.620	-0.78	8.2
0.800	4604.	4.587	-0.65	8.2
0.850	4774.	4.552	-0.52	8.2
0.900	4953.	4.520	-0.40	8.2
0.950	5114.	4.489	-0.29	8.2
1.000	5283.	4.455	-0.18	8.2
1.050	5435.	4.419	-0.07	8.2
1.100	5585.	4.383	0.03	8.2
1.150	5733.	4.352	0.13	8.2
1.200	5893.	4.324	0.22	8.2
1.300	6232.	4.284	0.39	8.2
1.400	6642.	4.272	0.55	8.2
0.040	1959.	4.921	-3.77	8.3
0.050	2240.	4.993	-3.51	8.3
0.055	2365.	5.015	-3.39	8.3
0.060	2473.	5.033	-3.30	8.3
0.070	2636.	5.059	-3.15	8.3
0.072	2660.	5.066	-3.12	8.3
0.075	2700.	5.071	-3.09	8.3
0.080	2759.	5.075	-3.02	8.3
0.090	2853.	5.085	-2.93	8.3
0.100	2929.	5.087	-2.84	8.3
0.110	2990.	5.087	-2.76	8.3
0.130	3082.	5.082	-2.63	8.3
0.150	3167.	5.073	-2.51	8.3
0.175	3241.	5.053	-2.38	8.3
0.200	3294.	5.039	-2.28	8.3
0.250	3374.	5.007	-2.11	8.3
0.300	3436.	4.979	-1.97	8.3
0.350	3483.	4.955	-1.86	8.3
0.400	3538.	4.918	-1.74	8.3
0.450	3607.	4.871	-1.60	8.3
0.500	3676.	4.820	-1.47	8.3
0.570	3819.	4.753	-1.28	8.3
0.600	3897.	4.725	-1.20	8.3
0.620	3958.	4.708	-1.14	8.3
0.700	4215.	4.646	-0.92	8.3
0.750	4419.	4.618	-0.78	8.3
0.800	4604.	4.586	-0.65	8.3
0.850	4774.	4.550	-0.52	8.3
0.900	4951.	4.518	-0.40	8.3
0.950	5120.	4.487	-0.29	8.3
1.000	5286.	4.454	-0.18	8.3
1.050	5439.	4.417	-0.07	8.3
1.100	5586.	4.382	0.03	8.3
1.150	5737.	4.350	0.13	8.3
1.200	5897.	4.322	0.22	8.3
1.300	6233.	4.282	0.40	8.3
1.400	6642.	4.269	0.55	8.3
0.040	1844.	4.954	-3.90	8.4
0.050	2140.	5.030	-3.63	8.4
0.055	2262.	5.060	-3.52	8.4
0.060	2380.	5.080	-3.41	8.4
0.070	2565.	5.111	-3.25	8.4
0.072	2598.	5.114	-3.21	8.4
0.075	2636.	5.124	-3.18	8.4
0.080	2705.	5.129	-3.11	8.4
0.090	2814.	5.136	-3.00	8.4
0.100	2899.	5.139	-2.91	8.4
0.110	2968.	5.134	-2.82	8.4
0.130	3070.	5.120	-2.67	8.4
0.150	3159.	5.102	-2.54	8.4
0.175	3237.	5.079	-2.41	8.4
0.200	3292.	5.057	-2.30	8.4
0.250	3374.	5.019	-2.12	8.4
0.300	3436.	4.989	-1.98	8.4
0.350	3482.	4.960	-1.86	8.4
0.400	3534.	4.922	-1.74	8.4
0.450	3599.	4.875	-1.61	8.4
0.500	3664.	4.821	-1.48	8.4
0.570	3808.	4.749	-1.29	8.4
0.600	3892.	4.723	-1.20	8.4
0.620	3956.	4.708	-1.14	8.4
0.700	4213.	4.644	-0.92	8.4
0.750	4419.	4.616	-0.78	8.4
0.800	4604.	4.585	-0.64	8.4
0.850	4774.	4.549	-0.52	8.4
0.900	4951.	4.517	-0.40	8.4
0.950	5125.	4.484	-0.28	8.4
1.000	5289.	4.452	-0.17	8.4
1.050	5440.	4.416	-0.07	8.4
1.100	5589.	4.380	0.03	8.4
1.150	5739.	4.349	0.13	8.4
1.200	5899.	4.320	0.23	8.4
1.300	6232.	4.278	0.40	8.4
1.400	6640.	4.266	0.55	8.4
0.040	1728.	4.982	-4.05	8.5
0.050	2029.	5.068	-3.76	8.5
0.055	2163.	5.098	-3.63	8.5
0.060	2284.	5.122	-3.52	8.5
0.070	2485.	5.159	-3.35	8.5
0.072	2523.	5.163	-3.31	8.5
0.075	2574.	5.168	-3.27	8.5
0.080	2645.	5.177	-3.20	8.5
0.090	2773.	5.181	-3.07	8.5
0.100	2869.	5.181	-2.97	8.5
0.110	2948.	5.172	-2.87	8.5
0.130	3062.	5.145	-2.70	8.5
0.150	3153.	5.122	-2.57	8.5
0.175	3235.	5.093	-2.43	8.5
0.200	3291.	5.066	-2.31	8.5
0.250	3373.	5.025	-2.13	8.5
0.300	3437.	4.992	-1.99	8.5
0.350	3480.	4.959	-1.86	8.5
0.400	3531.	4.920	-1.74	8.5
0.450	3594.	4.873	-1.61	8.5
0.500	3658.	4.818	-1.48	8.5
0.570	3804.	4.748	-1.29	8.5
0.600	3888.	4.722	-1.20	8.5
0.620	3950.	4.705	-1.14	8.5
0.700	4213.	4.642	-0.91	8.5
0.750	4419.	4.615	-0.77	8.5
0.800	4603.	4.583	-0.64	8.5
0.850	4774.	4.548	-0.52	8.5
0.900	4951.	4.515	-0.40	8.5
0.950	5127.	4.483	-0.28	8.5
1.000	5292.	4.451	-0.17	8.5
1.050	5443.	4.414	-0.07	8.5
1.100	5590.	4.378	0.04	8.5
1.150	5742.	4.345	0.14	8.5
1.200	5902.	4.318	0.23	8.5
1.300	6230.	4.274	0.40	8.5
1.400	6633.	4.261	0.56	8.5
0.050	1923.	5.098	-3.88	8.6
0.055	2050.	5.135	-3.76	8.6
0.060	2176.	5.162	-3.65	8.6
0.070	2396.	5.202	-3.45	8.6
0.072	2439.	5.206	-3.41	8.6
0.075	2500.	5.212	-3.36	8.6
0.080	2582.	5.221	-3.29	8.6
0.090	2730.	5.221	-3.14	8.6
0.100	2845.	5.212	-3.01	8.6
0.110	2934.	5.195	-2.90	8.6
0.130	3057.	5.160	-2.72	8.6
0.150	3150.	5.130	-2.58	8.6
0.175	3234.	5.097	-2.43	8.6
0.200	3290.	5.070	-2.32	8.6
0.250	3373.	5.026	-2.13	8.6
0.300	3437.	4.993	-1.99	8.6
0.350	3479.	4.954	-1.86	8.6
0.400	3529.	4.916	-1.74	8.6
0.450	3589.	4.869	-1.61	8.6
0.500	3656.	4.817	-1.48	8.6
0.570	3801.	4.746	-1.29	8.6
0.600	3886.	4.720	-1.20	8.6
0.620	3949.	4.704	-1.14	8.6
0.700	4213.	4.641	-0.91	8.6
0.750	4419.	4.614	-0.77	8.6
0.800	4602.	4.582	-0.64	8.6
0.850	4773.	4.546	-0.52	8.6
0.900	4951.	4.514	-0.40	8.6
0.950	5127.	4.482	-0.28	8.6
1.000	5293.	4.448	-0.17	8.6
1.050	5444.	4.411	-0.06	8.6
1.100	5591.	4.376	0.04	8.6
1.150	5744.	4.343	0.14	8.6
1.200	5905.	4.314	0.23	8.6
1.300	6230.	4.271	0.41	8.6
1.400	6621.	4.253	0.56	8.6
0.050	1805.	5.127	-4.02	8.7
0.055	1944.	5.165	-3.89	8.7
0.060	2072.	5.196	-3.77	8.7
0.070	2308.	5.239	-3.56	8.7
0.072	2355.	5.244	-3.51	8.7
0.075	2419.	5.250	-3.46	8.7
0.080	2522.	5.257	-3.36	8.7
0.090	2695.	5.251	-3.19	8.7
0.100	2828.	5.231	-3.04	8.7
0.110	2926.	5.209	-2.92	8.7
0.130	3055.	5.167	-2.73	8.7
0.150	3149.	5.133	-2.58	8.7
0.175	3234.	5.099	-2.43	8.7
0.200	3290.	5.070	-2.32	8.7
0.250	3373.	5.026	-2.13	8.7
0.300	3437.	4.993	-1.99	8.7
0.350	3478.	4.950	-1.86	8.7
0.400	3526.	4.912	-1.74	8.7
0.450	3587.	4.866	-1.61	8.7
0.500	3653.	4.814	-1.48	8.7
0.570	3799.	4.745	-1.29	8.7
0.600	3885.	4.719	-1.20	8.7
0.620	3948.	4.703	-1.14	8.7
0.700	4211.	4.639	-0.91	8.7
0.750	4418.	4.613	-0.77	8.7
0.800	4600.	4.580	-0.64	8.7
0.850	4773.	4.545	-0.52	8.7
0.900	4951.	4.512	-0.39	8.7
0.950	5130.	4.480	-0.28	8.7
1.000	5294.	4.446	-0.17	8.7
1.050	5446.	4.409	-0.06	8.7
1.100	5595.	4.372	0.04	8.7
1.150	5745.	4.340	0.14	8.7
1.200	5909.	4.310	0.24	8.7
1.300	6227.	4.265	0.41	8.7
1.400	6613.	4.245	0.57	8.7
0.055	1826.	5.194	-4.02	8.8
0.060	1956.	5.229	-3.90	8.8
0.070	2219.	5.273	-3.66	8.8
0.072	2266.	5.279	-3.62	8.8
0.075	2342.	5.284	-3.55	8.8
0.080	2461.	5.287	-3.44	8.8
0.090	2672.	5.269	-3.22	8.8
0.100	2818.	5.243	-3.06	8.8
0.110	2921.	5.215	-2.93	8.8
0.130	3054.	5.169	-2.73	8.8
0.150	3149.	5.134	-2.58	8.8
0.175	3234.	5.099	-2.43	8.8
0.200	3290.	5.071	-2.32	8.8
0.250	3373.	5.026	-2.13	8.8
0.300	3437.	4.992	-1.99	8.8
0.350	3477.	4.946	-1.85	8.8
0.400	3525.	4.908	-1.73	8.8
0.450	3585.	4.864	-1.61	8.8
0.500	3651.	4.813	-1.48	8.8
0.570	3798.	4.743	-1.28	8.8
0.600	3885.	4.717	-1.20	8.8
0.620	3949.	4.701	-1.14	8.8
0.700	4210.	4.638	-0.91	8.8
0.750	4417.	4.611	-0.77	8.8
0.800	4600.	4.579	-0.64	8.8
0.850	4774.	4.543	-0.51	8.8
0.900	4952.	4.510	-0.39	8.8
0.950	5131.	4.478	-0.27	8.8
1.000	5297.	4.444	-0.16	8.8
1.050	5448.	4.406	-0.06	8.8
1.100	5596.	4.368	0.05	8.8
1.150	5748.	4.335	0.15	8.8
1.200	5913.	4.304	0.25	8.8
1.300	6223.	4.256	0.42	8.8
1.400	6602.	4.234	0.58	8.8
0.055	1708.	5.221	-4.17	8.9
0.060	1848.	5.256	-4.03	8.9
0.070	2124.	5.304	-3.77	8.9
0.072	2184.	5.308	-3.71	8.9
0.075	2272.	5.311	-3.63	8.9
0.080	2414.	5.308	-3.49	8.9
0.090	2654.	5.282	-3.25	8.9
0.100	2813.	5.249	-3.07	8.9
0.110	2920.	5.218	-2.93	8.9
0.130	3054.	5.170	-2.73	8.9
0.150	3149.	5.134	-2.58	8.9
0.175	3234.	5.099	-2.43	8.9
0.200	3290.	5.071	-2.32	8.9
0.250	3373.	5.026	-2.13	8.9
0.300	3437.	4.992	-1.99	8.9
0.350	3481.	4.958	-1.86	8.9
0.400	3523.	4.904	-1.73	8.9
0.450	3583.	4.862	-1.61	8.9
0.500	3650.	4.811	-1.48	8.9
0.570	3798.	4.742	-1.28	8.9
0.600	3884.	4.716	-1.20	8.9
0.620	3947.	4.700	-1.14	8.9
0.700	4209.	4.637	-0.91	8.9
0.750	4417.	4.609	-0.77	8.9
0.800	4600.	4.577	-0.64	8.9
0.850	4775.	4.541	-0.51	8.9
0.900	4955.	4.508	-0.39	8.9
0.950	5133.	4.475	-0.27	8.9
1.000	5300.	4.441	-0.16	8.9
1.050	5451.	4.402	-0.05	8.9
1.100	5600.	4.364	0.06	8.9
1.150	5750.	4.329	0.16	8.9
1.200	5920.	4.297	0.26	8.9
1.300	6220.	4.247	0.43	8.9
1.400	6583.	4.220	0.58	8.9
0.060	1739.	5.280	-4.16	9.0
0.070	2038.	5.329	-3.86	9.0
0.072	2108.	5.332	-3.79	9.0
0.075	2211.	5.333	-3.70	9.0
0.080	2374.	5.325	-3.54	9.0
0.090	2645.	5.289	-3.26	9.0
0.100	2811.	5.250	-3.07	9.0
0.110	2919.	5.219	-2.93	9.0
0.130	3054.	5.170	-2.73	9.0
0.150	3149.	5.134	-2.58	9.0
0.175	3234.	5.099	-2.43	9.0
0.200	3290.	5.070	-2.32	9.0
0.250	3374.	5.026	-2.13	9.0
0.300	3437.	4.991	-1.98	9.0
0.350	3478.	4.950	-1.86	9.0
0.400	3522.	4.901	-1.73	9.0
0.450	3583.	4.860	-1.61	9.0
0.500	3649.	4.810	-1.48	9.0
0.570	3798.	4.741	-1.28	9.0
0.600	3883.	4.715	-1.20	9.0
0.620	3946.	4.698	-1.14	9.0
0.700	4209.	4.635	-0.91	9.0
0.750	4418.	4.608	-0.77	9.0
0.800	4603.	4.575	-0.64	9.0
0.850	4777.	4.539	-0.51	9.0
0.900	4958.	4.506	-0.39	9.0
0.950	5138.	4.472	-0.27	9.0
1.000	5304.	4.436	-0.15	9.0
1.050	5456.	4.396	-0.04	9.0
1.100	5604.	4.358	0.06	9.0
1.150	5754.	4.322	0.16	9.0
1.200	5928.	4.288	0.27	9.0
1.300	6213.	4.235	0.44	9.0
1.400	6554.	4.199	0.60	9.0
0.070	1952.	5.351	-3.96	9.1
0.072	2028.	5.354	-3.88	9.1
0.075	2149.	5.353	-3.76	9.1
0.080	2347.	5.337	-3.57	9.1
0.090	2641.	5.292	-3.27	9.1
0.100	2811.	5.251	-3.07	9.1
0.110	2919.	5.219	-2.93	9.1
0.130	3054.	5.170	-2.73	9.1
0.150	3149.	5.134	-2.58	9.1
0.175	3234.	5.099	-2.43	9.1
0.200	3290.	5.070	-2.32	9.1
0.250	3374.	5.025	-2.13	9.1
0.300	3437.	4.989	-1.98	9.1
0.350	3480.	4.955	-1.86	9.1
0.400	3521.	4.899	-1.73	9.1
0.450	3582.	4.858	-1.60	9.1
0.500	3649.	4.808	-1.48	9.1
0.570	3798.	4.740	-1.28	9.1
0.600	3883.	4.713	-1.19	9.1
0.620	3946.	4.697	-1.14	9.1
0.700	4210.	4.634	-0.91	9.1
0.750	4420.	4.606	-0.77	9.1
0.800	4606.	4.573	-0.63	9.1
0.850	4781.	4.536	-0.50	9.1
0.900	4962.	4.503	-0.38	9.1
0.950	5144.	4.469	-0.26	9.1
1.000	5310.	4.431	-0.15	9.1
1.050	5463.	4.390	-0.03	9.1
1.100	5610.	4.349	0.07	9.1
1.150	5760.	4.313	0.17	9.1
1.200	5939.	4.275	0.28	9.1
1.300	6209.	4.220	0.45	9.1
1.400	6513.	4.174	0.61	9.1
0.070	1874.	5.370	-4.05	9.2
0.072	1961.	5.371	-3.96	9.2
0.075	2102.	5.366	-3.82	9.2
0.080	2329.	5.344	-3.59	9.2
0.090	2640.	5.292	-3.27	9.2
0.100	2811.	5.251	-3.07	9.2
0.110	2919.	5.219	-2.93	9.2
0.130	3054.	5.170	-2.73	9.2
0.150	3149.	5.134	-2.58	9.2
0.175	3234.	5.099	-2.43	9.2
0.200	3290.	5.070	-2.32	9.2
0.250	3374.	5.025	-2.13	9.2
0.300	3437.	4.987	-1.98	9.2
0.350	3479.	4.950	-1.86	9.2
0.400	3521.	4.897	-1.72	9.2
0.450	3582.	4.857	-1.60	9.2
0.500	3648.	4.807	-1.47	9.2
0.570	3797.	4.738	-1.28	9.2
0.600	3883.	4.712	-1.19	9.2
0.620	3946.	4.695	-1.13	9.2
0.700	4212.	4.632	-0.90	9.2
0.750	4423.	4.604	-0.76	9.2
0.800	4609.	4.571	-0.63	9.2
0.850	4785.	4.533	-0.50	9.2
0.900	4969.	4.499	-0.37	9.2
0.950	5151.	4.463	-0.25	9.2
1.000	5319.	4.424	-0.14	9.2
1.050	5470.	4.382	-0.02	9.2
1.100	5618.	4.339	0.09	9.2
1.150	5768.	4.299	0.19	9.2
1.200	5951.	4.259	0.30	9.2
1.300	6194.	4.196	0.47	9.2
1.400	6477.	4.140	0.64	9.2
0.070	1801.	5.386	-4.14	9.3
0.072	1900.	5.386	-4.03	9.3
0.075	2065.	5.376	-3.86	9.3
0.080	2318.	5.347	-3.60	9.3
0.090	2639.	5.292	-3.27	9.3
0.100	2811.	5.251	-3.07	9.3
0.110	2920.	5.219	-2.93	9.3
0.130	3054.	5.170	-2.73	9.3
0.150	3150.	5.134	-2.58	9.3
0.175	3234.	5.099	-2.43	9.3
0.200	3291.	5.070	-2.32	9.3
0.250	3374.	5.023	-2.13	9.3
0.300	3437.	4.985	-1.98	9.3
0.350	3478.	4.948	-1.85	9.3
0.400	3521.	4.896	-1.72	9.3
0.450	3582.	4.855	-1.60	9.3
0.500	3648.	4.805	-1.47	9.3
0.570	3797.	4.736	-1.28	9.3
0.600	3883.	4.710	-1.19	9.3
0.620	3948.	4.694	-1.13	9.3
0.700	4215.	4.630	-0.90	9.3
0.750	4427.	4.602	-0.76	9.3
0.800	4614.	4.568	-0.62	9.3
0.850	4792.	4.529	-0.49	9.3
0.900	4977.	4.494	-0.37	9.3
0.950	5162.	4.457	-0.24	9.3
1.000	5328.	4.416	-0.12	9.3
1.050	5480.	4.371	-0.01	9.3
1.100	5629.	4.325	0.10	9.3
1.150	5777.	4.282	0.21	9.3
1.200	5965.	4.236	0.33	9.3
1.300	6177.	4.165	0.50	9.3
1.400	6311.	4.072	0.66	9.3
0.070	1732.	5.401	-4.22	9.4
0.072	1850.	5.397	-4.09	9.4
0.075	2038.	5.384	-3.89	9.4
0.080	2314.	5.350	-3.60	9.4
0.090	2640.	5.293	-3.27	9.4
0.100	2811.	5.251	-3.07	9.4
0.110	2920.	5.219	-2.93	9.4
0.130	3054.	5.170	-2.73	9.4
0.150	3150.	5.134	-2.58	9.4
0.175	3234.	5.099	-2.43	9.4
0.200	3291.	5.070	-2.31	9.4
0.250	3374.	5.022	-2.13	9.4
0.300	3437.	4.981	-1.97	9.4
0.350	3477.	4.944	-1.85	9.4
0.400	3521.	4.894	-1.72	9.4
0.450	3581.	4.853	-1.60	9.4
0.500	3648.	4.803	-1.47	9.4
0.570	3798.	4.734	-1.28	9.4
0.600	3885.	4.708	-1.19	9.4
0.620	3949.	4.692	-1.13	9.4
0.700	4219.	4.628	-0.90	9.4
0.750	4432.	4.599	-0.75	9.4
0.800	4621.	4.564	-0.62	9.4
0.850	4800.	4.524	-0.49	9.4
0.900	4989.	4.488	-0.36	9.4
0.950	5174.	4.449	-0.23	9.4
1.000	5341.	4.405	-0.11	9.4
1.050	5493.	4.355	0.01	9.4
1.100	5642.	4.307	0.12	9.4
1.150	5788.	4.260	0.24	9.4
1.200	5966.	4.203	0.36	9.4
1.300	6100.	4.115	0.52	9.4
1.400	5966.	3.958	0.68	9.4
0.072	1806.	5.407	-4.14	9.5
0.075	2019.	5.389	-3.91	9.5
0.080	2313.	5.350	-3.61	9.5
0.090	2640.	5.292	-3.27	9.5
0.100	2811.	5.251	-3.07	9.5
0.110	2920.	5.219	-2.93	9.5
0.130	3054.	5.170	-2.73	9.5
0.150	3150.	5.134	-2.58	9.5
0.175	3234.	5.098	-2.43	9.5
0.200	3291.	5.069	-2.31	9.5
0.250	3374.	5.019	-2.12	9.5
0.300	3436.	4.976	-1.97	9.5
0.350	3477.	4.941	-1.85	9.5
0.400	3521.	4.893	-1.72	9.5
0.450	3581.	4.851	-1.60	9.5
0.500	3648.	4.802	-1.47	9.5
0.570	3799.	4.733	-1.27	9.5
0.600	3887.	4.706	-1.19	9.5
0.620	3952.	4.690	-1.13	9.5
0.700	4224.	4.625	-0.89	9.5
0.750	4439.	4.596	-0.75	9.5
0.800	4629.	4.559	-0.61	9.5
0.850	4811.	4.518	-0.48	9.5
0.900	5003.	4.480	-0.34	9.5
0.950	5189.	4.438	-0.22	9.5
1.000	5355.	4.390	-0.09	9.5
1.050	5509.	4.336	0.03	9.5
1.100	5657.	4.281	0.16	9.5
1.150	5798.	4.228	0.27	9.5
1.200	5899.	4.152	0.39	9.5
1.300	5872.	4.026	0.55	9.5
0.072	1771.	5.415	-4.18	9.6
0.075	2009.	5.392	-3.92	9.6
0.080	2312.	5.350	-3.61	9.6
0.090	2640.	5.292	-3.27	9.6
0.100	2812.	5.251	-3.07	9.6
0.110	2920.	5.218	-2.93	9.6
0.130	3054.	5.169	-2.73	9.6
0.150	3151.	5.134	-2.58	9.6
0.175	3235.	5.098	-2.43	9.6
0.200	3292.	5.068	-2.31	9.6
0.250	3375.	5.017	-2.12	9.6
0.300	3436.	4.972	-1.97	9.6
0.350	3476.	4.935	-1.84	9.6
0.400	3522.	4.891	-1.72	9.6
0.450	3581.	4.849	-1.60	9.6
0.500	3648.	4.799	-1.47	9.6
0.570	3801.	4.730	-1.27	9.6
0.600	3890.	4.704	-1.18	9.6
0.620	3955.	4.687	-1.12	9.6
0.700	4231.	4.622	-0.89	9.6
0.750	4448.	4.592	-0.74	9.6
0.800	4640.	4.553	-0.60	9.6
0.850	4825.	4.511	-0.46	9.6
0.900	5020.	4.470	-0.33	9.6
0.950	5208.	4.424	-0.19	9.6
1.000	5375.	4.369	-0.06	9.6
1.050	5528.	4.307	0.07	9.6
1.100	5674.	4.245	0.20	9.6
1.150	5785.	4.180	0.31	9.6
1.200	5683.	4.070	0.41	9.6
0.072	1743.	5.421	-4.21	9.7
0.075	2003.	5.393	-3.93	9.7
0.080	2313.	5.350	-3.61	9.7
0.090	2641.	5.292	-3.27	9.7
0.100	2812.	5.251	-3.07	9.7
0.110	2921.	5.219	-2.93	9.7
0.130	3055.	5.169	-2.73	9.7
0.150	3151.	5.133	-2.58	9.7
0.175	3235.	5.097	-2.43	9.7
0.200	3292.	5.066	-2.31	9.7
0.250	3376.	5.013	-2.12	9.7
0.300	3436.	4.966	-1.96	9.7
0.350	3475.	4.929	-1.84	9.7
0.400	3522.	4.888	-1.71	9.7
0.450	3582.	4.847	-1.59	9.7
0.500	3649.	4.797	-1.46	9.7
0.570	3804.	4.728	-1.27	9.7
0.600	3893.	4.701	-1.18	9.7
0.620	3960.	4.684	-1.12	9.7
0.700	4239.	4.618	-0.88	9.7
0.750	4460.	4.586	-0.73	9.7
0.800	4654.	4.546	-0.59	9.7
0.850	4844.	4.500	-0.45	9.7
0.900	5044.	4.456	-0.31	9.7
0.950	5234.	4.403	-0.17	9.7
1.000	5399.	4.338	-0.02	9.7
1.050	5551.	4.266	0.12	9.7
1.100	5665.	4.188	0.25	9.7
1.150	5629.	4.102	0.34	9.7
0.072	1722.	5.425	-4.24	9.8
0.075	2001.	5.394	-3.93	9.8
0.080	2313.	5.350	-3.61	9.8
0.090	2641.	5.292	-3.27	9.8
0.100	2813.	5.251	-3.07	9.8
0.110	2921.	5.218	-2.93	9.8
0.130	3055.	5.169	-2.73	9.8
0.150	3151.	5.133	-2.58	9.8
0.175	3236.	5.097	-2.43	9.8
0.200	3292.	5.065	-2.31	9.8
0.250	3377.	5.008	-2.11	9.8
0.300	3436.	4.961	-1.96	9.8
0.350	3475.	4.924	-1.83	9.8
0.400	3522.	4.886	-1.71	9.8
0.450	3583.	4.845	-1.59	9.8
0.500	3650.	4.795	-1.46	9.8
0.570	3808.	4.725	-1.26	9.8
0.600	3898.	4.698	-1.17	9.8
0.620	3966.	4.681	-1.11	9.8
0.700	4250.	4.613	-0.87	9.8
0.750	4475.	4.579	-0.72	9.8
0.800	4672.	4.536	-0.57	9.8
0.850	4869.	4.487	-0.42	9.8
0.900	5075.	4.436	-0.28	9.8
0.950	5265.	4.373	-0.12	9.8
1.000	5429.	4.292	0.03	9.8
1.050	5548.	4.200	0.18	9.8
1.100	5490.	4.101	0.28	9.8
0.072	1707.	5.428	-4.26	9.9
0.075	2001.	5.394	-3.93	9.9
0.080	2314.	5.350	-3.61	9.9
0.090	2642.	5.292	-3.27	9.9
0.100	2813.	5.251	-3.07	9.9
0.110	2921.	5.218	-2.93	9.9
0.130	3056.	5.169	-2.73	9.9
0.150	3152.	5.133	-2.58	9.9
0.175	3237.	5.095	-2.43	9.9
0.200	3293.	5.062	-2.31	9.9
0.250	3378.	5.003	-2.11	9.9
0.300	3436.	4.955	-1.95	9.9
0.350	3475.	4.918	-1.83	9.9
0.400	3523.	4.884	-1.71	9.9
0.450	3583.	4.842	-1.59	9.9
0.500	3652.	4.792	-1.46	9.9
0.570	3812.	4.722	-1.26	9.9
0.600	3905.	4.694	-1.16	9.9
0.620	3973.	4.676	-1.10	9.9
0.700	4265.	4.606	-0.86	9.9
0.750	4495.	4.571	-0.70	9.9
0.800	4695.	4.522	-0.55	9.9
0.850	4900.	4.468	-0.39	9.9
0.900	5114.	4.408	-0.23	9.9
0.950	5303.	4.325	-0.06	9.9
1.000	5434.	4.217	0.11	9.9
